name;class
1k belakang (1).jpg;0
1k belakang (10).jpg;0
1k belakang (100).jpg;0
1k belakang (11).jpg;0
1k belakang (12).jpg;0
1k belakang (13).jpg;0
1k belakang (14).jpg;0
1k belakang (15).jpg;0
1k belakang (16).jpg;0
1k belakang (17).jpg;0
1k belakang (18).jpg;0
1k belakang (19).jpg;0
1k belakang (2).jpg;0
1k belakang (20).jpg;0
1k belakang (21).jpg;0
1k belakang (22).jpg;0
1k belakang (23).jpg;0
1k belakang (24).jpg;0
1k belakang (25).jpg;0
1k belakang (26).jpg;0
1k belakang (27).jpg;0
1k belakang (28).jpg;0
1k belakang (29).jpg;0
1k belakang (3).jpg;0
1k belakang (30).jpg;0
1k belakang (31).jpg;0
1k belakang (32).jpg;0
1k belakang (33).jpg;0
1k belakang (34).jpg;0
1k belakang (35).jpg;0
1k belakang (36).jpg;0
1k belakang (37).jpg;0
1k belakang (38).jpg;0
1k belakang (39).jpg;0
1k belakang (4).jpg;0
1k belakang (40).jpg;0
1k belakang (41).jpg;0
1k belakang (42).jpg;0
1k belakang (43).jpg;0
1k belakang (44).jpg;0
1k belakang (45).jpg;0
1k belakang (46).jpg;0
1k belakang (47).jpg;0
1k belakang (48).jpg;0
1k belakang (49).jpg;0
1k belakang (5).jpg;0
1k belakang (50).jpg;0
1k belakang (51).jpg;0
1k belakang (52).jpg;0
1k belakang (53).jpg;0
1k belakang (54).jpg;0
1k belakang (55).jpg;0
1k belakang (56).jpg;0
1k belakang (57).jpg;0
1k belakang (58).jpg;0
1k belakang (59).jpg;0
1k belakang (6).jpg;0
1k belakang (60).jpg;0
1k belakang (61).jpg;0
1k belakang (62).jpg;0
1k belakang (63).jpg;0
1k belakang (64).jpg;0
1k belakang (65).jpg;0
1k belakang (66).jpg;0
1k belakang (67).jpg;0
1k belakang (68).jpg;0
1k belakang (69).jpg;0
1k belakang (7).jpg;0
1k belakang (70).jpg;0
1k belakang (71).jpg;0
1k belakang (72).jpg;0
1k belakang (73).jpg;0
1k belakang (74).jpg;0
1k belakang (75).jpg;0
1k belakang (76).jpg;0
1k belakang (77).jpg;0
1k belakang (78).jpg;0
1k belakang (79).jpg;0
1k belakang (8).jpg;0
1k belakang (80).jpg;0
1k belakang (81).jpg;0
1k belakang (82).jpg;0
1k belakang (83).jpg;0
1k belakang (84).jpg;0
1k belakang (85).jpg;0
1k belakang (86).jpg;0
1k belakang (87).jpg;0
1k belakang (88).jpg;0
1k belakang (89).jpg;0
1k belakang (9).jpg;0
1k belakang (90).jpg;0
1k belakang (91).jpg;0
1k belakang (92).jpg;0
1k belakang (93).jpg;0
1k belakang (94).jpg;0
1k belakang (95).jpg;0
1k belakang (96).jpg;0
1k belakang (97).jpg;0
1k belakang (98).jpg;0
1k belakang (99).jpg;0
1k depan (1).jpg;0
1k depan (10).jpg;0
1k depan (100).jpg;0
1k depan (11).jpg;0
1k depan (12).jpg;0
1k depan (13).jpg;0
1k depan (14).jpg;0
1k depan (15).jpg;0
1k depan (16).jpg;0
1k depan (17).jpg;0
1k depan (18).jpg;0
1k depan (19).jpg;0
1k depan (2).jpg;0
1k depan (20).jpg;0
1k depan (21).jpg;0
1k depan (22).jpg;0
1k depan (23).jpg;0
1k depan (24).jpg;0
1k depan (25).jpg;0
1k depan (26).jpg;0
1k depan (27).jpg;0
1k depan (28).jpg;0
1k depan (29).jpg;0
1k depan (3).jpg;0
1k depan (30).jpg;0
1k depan (31).jpg;0
1k depan (32).jpg;0
1k depan (33).jpg;0
1k depan (34).jpg;0
1k depan (35).jpg;0
1k depan (36).jpg;0
1k depan (37).jpg;0
1k depan (38).jpg;0
1k depan (39).jpg;0
1k depan (4).jpg;0
1k depan (40).jpg;0
1k depan (41).jpg;0
1k depan (42).jpg;0
1k depan (43).jpg;0
1k depan (44).jpg;0
1k depan (45).jpg;0
1k depan (46).jpg;0
1k depan (47).jpg;0
1k depan (48).jpg;0
1k depan (49).jpg;0
1k depan (5).jpg;0
1k depan (50).jpg;0
1k depan (51).jpg;0
1k depan (52).jpg;0
1k depan (53).jpg;0
1k depan (54).jpg;0
1k depan (55).jpg;0
1k depan (56).jpg;0
1k depan (57).jpg;0
1k depan (58).jpg;0
1k depan (59).jpg;0
1k depan (6).jpg;0
1k depan (60).jpg;0
1k depan (61).jpg;0
1k depan (62).jpg;0
1k depan (63).jpg;0
1k depan (64).jpg;0
1k depan (65).jpg;0
1k depan (66).jpg;0
1k depan (67).jpg;0
1k depan (68).jpg;0
1k depan (69).jpg;0
1k depan (7).jpg;0
1k depan (70).jpg;0
1k depan (71).jpg;0
1k depan (72).jpg;0
1k depan (73).jpg;0
1k depan (74).jpg;0
1k depan (75).jpg;0
1k depan (76).jpg;0
1k depan (77).jpg;0
1k depan (78).jpg;0
1k depan (79).jpg;0
1k depan (8).jpg;0
1k depan (80).jpg;0
1k depan (81).jpg;0
1k depan (82).jpg;0
1k depan (83).jpg;0
1k depan (84).jpg;0
1k depan (85).jpg;0
1k depan (86).jpg;0
1k depan (87).jpg;0
1k depan (88).jpg;0
1k depan (89).jpg;0
1k depan (9).jpg;0
1k depan (90).jpg;0
1k depan (91).jpg;0
1k depan (92).jpg;0
1k depan (93).jpg;0
1k depan (94).jpg;0
1k depan (95).jpg;0
1k depan (96).jpg;0
1k depan (97).jpg;0
1k depan (98).jpg;0
1k depan (99).jpg;0
2k belakang (1).jpg;1
2k belakang (10).jpg;1
2k belakang (100).jpg;1
2k belakang (11).jpg;1
2k belakang (12).jpg;1
2k belakang (13).jpg;1
2k belakang (14).jpg;1
2k belakang (15).jpg;1
2k belakang (16).jpg;1
2k belakang (17).jpg;1
2k belakang (18).jpg;1
2k belakang (19).jpg;1
2k belakang (2).jpg;1
2k belakang (20).jpg;1
2k belakang (21).jpg;1
2k belakang (22).jpg;1
2k belakang (23).jpg;1
2k belakang (24).jpg;1
2k belakang (25).jpg;1
2k belakang (26).jpg;1
2k belakang (27).jpg;1
2k belakang (28).jpg;1
2k belakang (29).jpg;1
2k belakang (3).jpg;1
2k belakang (30).jpg;1
2k belakang (31).jpg;1
2k belakang (32).jpg;1
2k belakang (33).jpg;1
2k belakang (34).jpg;1
2k belakang (35).jpg;1
2k belakang (36).jpg;1
2k belakang (37).jpg;1
2k belakang (38).jpg;1
2k belakang (39).jpg;1
2k belakang (4).jpg;1
2k belakang (40).jpg;1
2k belakang (41).jpg;1
2k belakang (42).jpg;1
2k belakang (43).jpg;1
2k belakang (44).jpg;1
2k belakang (45).jpg;1
2k belakang (46).jpg;1
2k belakang (47).jpg;1
2k belakang (48).jpg;1
2k belakang (49).jpg;1
2k belakang (5).jpg;1
2k belakang (50).jpg;1
2k belakang (51).jpg;1
2k belakang (52).jpg;1
2k belakang (53).jpg;1
2k belakang (54).jpg;1
2k belakang (55).jpg;1
2k belakang (56).jpg;1
2k belakang (57).jpg;1
2k belakang (58).jpg;1
2k belakang (59).jpg;1
2k belakang (6).jpg;1
2k belakang (60).jpg;1
2k belakang (61).jpg;1
2k belakang (62).jpg;1
2k belakang (63).jpg;1
2k belakang (64).jpg;1
2k belakang (65).jpg;1
2k belakang (66).jpg;1
2k belakang (67).jpg;1
2k belakang (68).jpg;1
2k belakang (69).jpg;1
2k belakang (7).jpg;1
2k belakang (70).jpg;1
2k belakang (71).jpg;1
2k belakang (72).jpg;1
2k belakang (73).jpg;1
2k belakang (74).jpg;1
2k belakang (75).jpg;1
2k belakang (76).jpg;1
2k belakang (77).jpg;1
2k belakang (78).jpg;1
2k belakang (79).jpg;1
2k belakang (8).jpg;1
2k belakang (80).jpg;1
2k belakang (81).jpg;1
2k belakang (82).jpg;1
2k belakang (83).jpg;1
2k belakang (84).jpg;1
2k belakang (85).jpg;1
2k belakang (86).jpg;1
2k belakang (87).jpg;1
2k belakang (88).jpg;1
2k belakang (89).jpg;1
2k belakang (9).jpg;1
2k belakang (90).jpg;1
2k belakang (91).jpg;1
2k belakang (92).jpg;1
2k belakang (93).jpg;1
2k belakang (94).jpg;1
2k belakang (95).jpg;1
2k belakang (96).jpg;1
2k belakang (97).jpg;1
2k belakang (98).jpg;1
2k belakang (99).jpg;1
2k depan (1).jpg;1
2k depan (10).jpg;1
2k depan (100).jpg;1
2k depan (11).jpg;1
2k depan (12).jpg;1
2k depan (13).jpg;1
2k depan (14).jpg;1
2k depan (15).jpg;1
2k depan (16).jpg;1
2k depan (17).jpg;1
2k depan (18).jpg;1
2k depan (19).jpg;1
2k depan (2).jpg;1
2k depan (20).jpg;1
2k depan (21).jpg;1
2k depan (22).jpg;1
2k depan (23).jpg;1
2k depan (24).jpg;1
2k depan (25).jpg;1
2k depan (26).jpg;1
2k depan (27).jpg;1
2k depan (28).jpg;1
2k depan (29).jpg;1
2k depan (3).jpg;1
2k depan (30).jpg;1
2k depan (31).jpg;1
2k depan (32).jpg;1
2k depan (33).jpg;1
2k depan (34).jpg;1
2k depan (35).jpg;1
2k depan (36).jpg;1
2k depan (37).jpg;1
2k depan (38).jpg;1
2k depan (39).jpg;1
2k depan (4).jpg;1
2k depan (40).jpg;1
2k depan (41).jpg;1
2k depan (42).jpg;1
2k depan (43).jpg;1
2k depan (44).jpg;1
2k depan (45).jpg;1
2k depan (46).jpg;1
2k depan (47).jpg;1
2k depan (48).jpg;1
2k depan (49).jpg;1
2k depan (5).jpg;1
2k depan (50).jpg;1
2k depan (51).jpg;1
2k depan (52).jpg;1
2k depan (53).jpg;1
2k depan (54).jpg;1
2k depan (55).jpg;1
2k depan (56).jpg;1
2k depan (57).jpg;1
2k depan (58).jpg;1
2k depan (59).jpg;1
2k depan (6).jpg;1
2k depan (60).jpg;1
2k depan (61).jpg;1
2k depan (62).jpg;1
2k depan (63).jpg;1
2k depan (64).jpg;1
2k depan (65).jpg;1
2k depan (66).jpg;1
2k depan (67).jpg;1
2k depan (68).jpg;1
2k depan (69).jpg;1
2k depan (7).jpg;1
2k depan (70).jpg;1
2k depan (71).jpg;1
2k depan (72).jpg;1
2k depan (73).jpg;1
2k depan (74).jpg;1
2k depan (75).jpg;1
2k depan (76).jpg;1
2k depan (77).jpg;1
2k depan (78).jpg;1
2k depan (79).jpg;1
2k depan (8).jpg;1
2k depan (80).jpg;1
2k depan (81).jpg;1
2k depan (82).jpg;1
2k depan (83).jpg;1
2k depan (84).jpg;1
2k depan (85).jpg;1
2k depan (86).jpg;1
2k depan (87).jpg;1
2k depan (88).jpg;1
2k depan (89).jpg;1
2k depan (9).jpg;1
2k depan (90).jpg;1
2k depan (91).jpg;1
2k depan (92).jpg;1
2k depan (93).jpg;1
2k depan (94).jpg;1
2k depan (95).jpg;1
2k depan (96).jpg;1
2k depan (97).jpg;1
2k depan (98).jpg;1
2k depan (99).jpg;1
5k belakang (1).jpg;2
5k belakang (10).jpg;2
5k belakang (100).jpg;2
5k belakang (11).jpg;2
5k belakang (12).jpg;2
5k belakang (13).jpg;2
5k belakang (14).jpg;2
5k belakang (15).jpg;2
5k belakang (16).jpg;2
5k belakang (17).jpg;2
5k belakang (18).jpg;2
5k belakang (19).jpg;2
5k belakang (2).jpg;2
5k belakang (20).jpg;2
5k belakang (21).jpg;2
5k belakang (22).jpg;2
5k belakang (23).jpg;2
5k belakang (24).jpg;2
5k belakang (25).jpg;2
5k belakang (26).jpg;2
5k belakang (27).jpg;2
5k belakang (28).jpg;2
5k belakang (29).jpg;2
5k belakang (3).jpg;2
5k belakang (30).jpg;2
5k belakang (31).jpg;2
5k belakang (32).jpg;2
5k belakang (33).jpg;2
5k belakang (34).jpg;2
5k belakang (35).jpg;2
5k belakang (36).jpg;2
5k belakang (37).jpg;2
5k belakang (38).jpg;2
5k belakang (39).jpg;2
5k belakang (4).jpg;2
5k belakang (40).jpg;2
5k belakang (41).jpg;2
5k belakang (42).jpg;2
5k belakang (43).jpg;2
5k belakang (44).jpg;2
5k belakang (45).jpg;2
5k belakang (46).jpg;2
5k belakang (47).jpg;2
5k belakang (48).jpg;2
5k belakang (49).jpg;2
5k belakang (5).jpg;2
5k belakang (50).jpg;2
5k belakang (51).jpg;2
5k belakang (52).jpg;2
5k belakang (53).jpg;2
5k belakang (54).jpg;2
5k belakang (55).jpg;2
5k belakang (56).jpg;2
5k belakang (57).jpg;2
5k belakang (58).jpg;2
5k belakang (59).jpg;2
5k belakang (6).jpg;2
5k belakang (60).jpg;2
5k belakang (61).jpg;2
5k belakang (62).jpg;2
5k belakang (63).jpg;2
5k belakang (64).jpg;2
5k belakang (65).jpg;2
5k belakang (66).jpg;2
5k belakang (67).jpg;2
5k belakang (68).jpg;2
5k belakang (69).jpg;2
5k belakang (7).jpg;2
5k belakang (70).jpg;2
5k belakang (71).jpg;2
5k belakang (72).jpg;2
5k belakang (73).jpg;2
5k belakang (74).jpg;2
5k belakang (75).jpg;2
5k belakang (76).jpg;2
5k belakang (77).jpg;2
5k belakang (78).jpg;2
5k belakang (79).jpg;2
5k belakang (8).jpg;2
5k belakang (80).jpg;2
5k belakang (81).jpg;2
5k belakang (82).jpg;2
5k belakang (83).jpg;2
5k belakang (84).jpg;2
5k belakang (85).jpg;2
5k belakang (86).jpg;2
5k belakang (87).jpg;2
5k belakang (88).jpg;2
5k belakang (89).jpg;2
5k belakang (9).jpg;2
5k belakang (90).jpg;2
5k belakang (91).jpg;2
5k belakang (92).jpg;2
5k belakang (93).jpg;2
5k belakang (94).jpg;2
5k belakang (95).jpg;2
5k belakang (96).jpg;2
5k belakang (97).jpg;2
5k belakang (98).jpg;2
5k belakang (99).jpg;2
5k depan (1).jpg;2
5k depan (10).jpg;2
5k depan (100).jpg;2
5k depan (11).jpg;2
5k depan (12).jpg;2
5k depan (13).jpg;2
5k depan (14).jpg;2
5k depan (15).jpg;2
5k depan (16).jpg;2
5k depan (17).jpg;2
5k depan (18).jpg;2
5k depan (19).jpg;2
5k depan (2).jpg;2
5k depan (20).jpg;2
5k depan (21).jpg;2
5k depan (22).jpg;2
5k depan (23).jpg;2
5k depan (24).jpg;2
5k depan (25).jpg;2
5k depan (26).jpg;2
5k depan (27).jpg;2
5k depan (28).jpg;2
5k depan (29).jpg;2
5k depan (3).jpg;2
5k depan (30).jpg;2
5k depan (31).jpg;2
5k depan (32).jpg;2
5k depan (33).jpg;2
5k depan (34).jpg;2
5k depan (35).jpg;2
5k depan (36).jpg;2
5k depan (37).jpg;2
5k depan (38).jpg;2
5k depan (39).jpg;2
5k depan (4).jpg;2
5k depan (40).jpg;2
5k depan (41).jpg;2
5k depan (42).jpg;2
5k depan (43).jpg;2
5k depan (44).jpg;2
5k depan (45).jpg;2
5k depan (46).jpg;2
5k depan (47).jpg;2
5k depan (48).jpg;2
5k depan (49).jpg;2
5k depan (5).jpg;2
5k depan (50).jpg;2
5k depan (51).jpg;2
5k depan (52).jpg;2
5k depan (53).jpg;2
5k depan (54).jpg;2
5k depan (55).jpg;2
5k depan (56).jpg;2
5k depan (57).jpg;2
5k depan (58).jpg;2
5k depan (59).jpg;2
5k depan (6).jpg;2
5k depan (60).jpg;2
5k depan (61).jpg;2
5k depan (62).jpg;2
5k depan (63).jpg;2
5k depan (64).jpg;2
5k depan (65).jpg;2
5k depan (66).jpg;2
5k depan (67).jpg;2
5k depan (68).jpg;2
5k depan (69).jpg;2
5k depan (7).jpg;2
5k depan (70).jpg;2
5k depan (71).jpg;2
5k depan (72).jpg;2
5k depan (73).jpg;2
5k depan (74).jpg;2
5k depan (75).jpg;2
5k depan (76).jpg;2
5k depan (77).jpg;2
5k depan (78).jpg;2
5k depan (79).jpg;2
5k depan (8).jpg;2
5k depan (80).jpg;2
5k depan (81).jpg;2
5k depan (82).jpg;2
5k depan (83).jpg;2
5k depan (84).jpg;2
5k depan (85).jpg;2
5k depan (86).jpg;2
5k depan (87).jpg;2
5k depan (88).jpg;2
5k depan (89).jpg;2
5k depan (9).jpg;2
5k depan (90).jpg;2
5k depan (91).jpg;2
5k depan (92).jpg;2
5k depan (93).jpg;2
5k depan (94).jpg;2
5k depan (95).jpg;2
5k depan (96).jpg;2
5k depan (97).jpg;2
5k depan (98).jpg;2
5k depan (99).jpg;2
10k belakang (1).jpg;3
10k belakang (10).jpg;3
10k belakang (100).jpg;3
10k belakang (11).jpg;3
10k belakang (12).jpg;3
10k belakang (13).jpg;3
10k belakang (14).jpg;3
10k belakang (15).jpg;3
10k belakang (16).jpg;3
10k belakang (17).jpg;3
10k belakang (18).jpg;3
10k belakang (19).jpg;3
10k belakang (2).jpg;3
10k belakang (20).jpg;3
10k belakang (21).jpg;3
10k belakang (22).jpg;3
10k belakang (23).jpg;3
10k belakang (24).jpg;3
10k belakang (25).jpg;3
10k belakang (26).jpg;3
10k belakang (27).jpg;3
10k belakang (28).jpg;3
10k belakang (29).jpg;3
10k belakang (3).jpg;3
10k belakang (30).jpg;3
10k belakang (31).jpg;3
10k belakang (32).jpg;3
10k belakang (33).jpg;3
10k belakang (34).jpg;3
10k belakang (35).jpg;3
10k belakang (36).jpg;3
10k belakang (37).jpg;3
10k belakang (38).jpg;3
10k belakang (39).jpg;3
10k belakang (4).jpg;3
10k belakang (40).jpg;3
10k belakang (41).jpg;3
10k belakang (42).jpg;3
10k belakang (43).jpg;3
10k belakang (44).jpg;3
10k belakang (45).jpg;3
10k belakang (46).jpg;3
10k belakang (47).jpg;3
10k belakang (48).jpg;3
10k belakang (49).jpg;3
10k belakang (5).jpg;3
10k belakang (50).jpg;3
10k belakang (51).jpg;3
10k belakang (52).jpg;3
10k belakang (53).jpg;3
10k belakang (54).jpg;3
10k belakang (55).jpg;3
10k belakang (56).jpg;3
10k belakang (57).jpg;3
10k belakang (58).jpg;3
10k belakang (59).jpg;3
10k belakang (6).jpg;3
10k belakang (60).jpg;3
10k belakang (61).jpg;3
10k belakang (62).jpg;3
10k belakang (63).jpg;3
10k belakang (64).jpg;3
10k belakang (65).jpg;3
10k belakang (66).jpg;3
10k belakang (67).jpg;3
10k belakang (68).jpg;3
10k belakang (69).jpg;3
10k belakang (7).jpg;3
10k belakang (70).jpg;3
10k belakang (71).jpg;3
10k belakang (72).jpg;3
10k belakang (73).jpg;3
10k belakang (74).jpg;3
10k belakang (75).jpg;3
10k belakang (76).jpg;3
10k belakang (77).jpg;3
10k belakang (78).jpg;3
10k belakang (79).jpg;3
10k belakang (8).jpg;3
10k belakang (80).jpg;3
10k belakang (81).jpg;3
10k belakang (82).jpg;3
10k belakang (83).jpg;3
10k belakang (84).jpg;3
10k belakang (85).jpg;3
10k belakang (86).jpg;3
10k belakang (87).jpg;3
10k belakang (88).jpg;3
10k belakang (89).jpg;3
10k belakang (9).jpg;3
10k belakang (90).jpg;3
10k belakang (91).jpg;3
10k belakang (92).jpg;3
10k belakang (93).jpg;3
10k belakang (94).jpg;3
10k belakang (95).jpg;3
10k belakang (96).jpg;3
10k belakang (97).jpg;3
10k belakang (98).jpg;3
10k belakang (99).jpg;3
10k depan (1).jpg;3
10k depan (10).jpg;3
10k depan (100).jpg;3
10k depan (11).jpg;3
10k depan (12).jpg;3
10k depan (13).jpg;3
10k depan (14).jpg;3
10k depan (15).jpg;3
10k depan (16).jpg;3
10k depan (17).jpg;3
10k depan (18).jpg;3
10k depan (19).jpg;3
10k depan (2).jpg;3
10k depan (20).jpg;3
10k depan (21).jpg;3
10k depan (22).jpg;3
10k depan (23).jpg;3
10k depan (24).jpg;3
10k depan (25).jpg;3
10k depan (26).jpg;3
10k depan (27).jpg;3
10k depan (28).jpg;3
10k depan (29).jpg;3
10k depan (3).jpg;3
10k depan (30).jpg;3
10k depan (31).jpg;3
10k depan (32).jpg;3
10k depan (33).jpg;3
10k depan (34).jpg;3
10k depan (35).jpg;3
10k depan (36).jpg;3
10k depan (37).jpg;3
10k depan (38).jpg;3
10k depan (39).jpg;3
10k depan (4).jpg;3
10k depan (40).jpg;3
10k depan (41).jpg;3
10k depan (42).jpg;3
10k depan (43).jpg;3
10k depan (44).jpg;3
10k depan (45).jpg;3
10k depan (46).jpg;3
10k depan (47).jpg;3
10k depan (48).jpg;3
10k depan (49).jpg;3
10k depan (5).jpg;3
10k depan (50).jpg;3
10k depan (51).jpg;3
10k depan (52).jpg;3
10k depan (53).jpg;3
10k depan (54).jpg;3
10k depan (55).jpg;3
10k depan (56).jpg;3
10k depan (57).jpg;3
10k depan (58).jpg;3
10k depan (59).jpg;3
10k depan (6).jpg;3
10k depan (60).jpg;3
10k depan (61).jpg;3
10k depan (62).jpg;3
10k depan (63).jpg;3
10k depan (64).jpg;3
10k depan (65).jpg;3
10k depan (66).jpg;3
10k depan (67).jpg;3
10k depan (68).jpg;3
10k depan (69).jpg;3
10k depan (7).jpg;3
10k depan (70).jpg;3
10k depan (71).jpg;3
10k depan (72).jpg;3
10k depan (73).jpg;3
10k depan (74).jpg;3
10k depan (75).jpg;3
10k depan (76).jpg;3
10k depan (77).jpg;3
10k depan (78).jpg;3
10k depan (79).jpg;3
10k depan (8).jpg;3
10k depan (80).jpg;3
10k depan (81).jpg;3
10k depan (82).jpg;3
10k depan (83).jpg;3
10k depan (84).jpg;3
10k depan (85).jpg;3
10k depan (86).jpg;3
10k depan (87).jpg;3
10k depan (88).jpg;3
10k depan (89).jpg;3
10k depan (9).jpg;3
10k depan (90).jpg;3
10k depan (91).jpg;3
10k depan (92).jpg;3
10k depan (93).jpg;3
10k depan (94).jpg;3
10k depan (95).jpg;3
10k depan (96).jpg;3
10k depan (97).jpg;3
10k depan (98).jpg;3
10k depan (99).jpg;3
20k belakang (1).jpg;4
20k belakang (10).jpg;4
20k belakang (100).jpg;4
20k belakang (11).jpg;4
20k belakang (12).jpg;4
20k belakang (13).jpg;4
20k belakang (14).jpg;4
20k belakang (15).jpg;4
20k belakang (16).jpg;4
20k belakang (17).jpg;4
20k belakang (18).jpg;4
20k belakang (19).jpg;4
20k belakang (2).jpg;4
20k belakang (20).jpg;4
20k belakang (21).jpg;4
20k belakang (22).jpg;4
20k belakang (23).jpg;4
20k belakang (24).jpg;4
20k belakang (25).jpg;4
20k belakang (26).jpg;4
20k belakang (27).jpg;4
20k belakang (28).jpg;4
20k belakang (29).jpg;4
20k belakang (3).jpg;4
20k belakang (30).jpg;4
20k belakang (31).jpg;4
20k belakang (32).jpg;4
20k belakang (33).jpg;4
20k belakang (34).jpg;4
20k belakang (35).jpg;4
20k belakang (36).jpg;4
20k belakang (37).jpg;4
20k belakang (38).jpg;4
20k belakang (39).jpg;4
20k belakang (4).jpg;4
20k belakang (40).jpg;4
20k belakang (41).jpg;4
20k belakang (42).jpg;4
20k belakang (43).jpg;4
20k belakang (44).jpg;4
20k belakang (45).jpg;4
20k belakang (46).jpg;4
20k belakang (47).jpg;4
20k belakang (48).jpg;4
20k belakang (49).jpg;4
20k belakang (5).jpg;4
20k belakang (50).jpg;4
20k belakang (51).jpg;4
20k belakang (52).jpg;4
20k belakang (53).jpg;4
20k belakang (54).jpg;4
20k belakang (55).jpg;4
20k belakang (56).jpg;4
20k belakang (57).jpg;4
20k belakang (58).jpg;4
20k belakang (59).jpg;4
20k belakang (6).jpg;4
20k belakang (60).jpg;4
20k belakang (61).jpg;4
20k belakang (62).jpg;4
20k belakang (63).jpg;4
20k belakang (64).jpg;4
20k belakang (65).jpg;4
20k belakang (66).jpg;4
20k belakang (67).jpg;4
20k belakang (68).jpg;4
20k belakang (69).jpg;4
20k belakang (7).jpg;4
20k belakang (70).jpg;4
20k belakang (71).jpg;4
20k belakang (72).jpg;4
20k belakang (73).jpg;4
20k belakang (74).jpg;4
20k belakang (75).jpg;4
20k belakang (76).jpg;4
20k belakang (77).jpg;4
20k belakang (78).jpg;4
20k belakang (79).jpg;4
20k belakang (8).jpg;4
20k belakang (80).jpg;4
20k belakang (81).jpg;4
20k belakang (82).jpg;4
20k belakang (83).jpg;4
20k belakang (84).jpg;4
20k belakang (85).jpg;4
20k belakang (86).jpg;4
20k belakang (87).jpg;4
20k belakang (88).jpg;4
20k belakang (89).jpg;4
20k belakang (9).jpg;4
20k belakang (90).jpg;4
20k belakang (91).jpg;4
20k belakang (92).jpg;4
20k belakang (93).jpg;4
20k belakang (94).jpg;4
20k belakang (95).jpg;4
20k belakang (96).jpg;4
20k belakang (97).jpg;4
20k belakang (98).jpg;4
20k belakang (99).jpg;4
20k depan (1).jpg;4
20k depan (10).jpg;4
20k depan (100).jpg;4
20k depan (11).jpg;4
20k depan (12).jpg;4
20k depan (13).jpg;4
20k depan (14).jpg;4
20k depan (15).jpg;4
20k depan (16).jpg;4
20k depan (17).jpg;4
20k depan (18).jpg;4
20k depan (19).jpg;4
20k depan (2).jpg;4
20k depan (20).jpg;4
20k depan (21).jpg;4
20k depan (22).jpg;4
20k depan (23).jpg;4
20k depan (24).jpg;4
20k depan (25).jpg;4
20k depan (26).jpg;4
20k depan (27).jpg;4
20k depan (28).jpg;4
20k depan (29).jpg;4
20k depan (3).jpg;4
20k depan (30).jpg;4
20k depan (31).jpg;4
20k depan (32).jpg;4
20k depan (33).jpg;4
20k depan (34).jpg;4
20k depan (35).jpg;4
20k depan (36).jpg;4
20k depan (37).jpg;4
20k depan (38).jpg;4
20k depan (39).jpg;4
20k depan (4).jpg;4
20k depan (40).jpg;4
20k depan (41).jpg;4
20k depan (42).jpg;4
20k depan (43).jpg;4
20k depan (44).jpg;4
20k depan (45).jpg;4
20k depan (46).jpg;4
20k depan (47).jpg;4
20k depan (48).jpg;4
20k depan (49).jpg;4
20k depan (5).jpg;4
20k depan (50).jpg;4
20k depan (51).jpg;4
20k depan (52).jpg;4
20k depan (53).jpg;4
20k depan (54).jpg;4
20k depan (55).jpg;4
20k depan (56).jpg;4
20k depan (57).jpg;4
20k depan (58).jpg;4
20k depan (59).jpg;4
20k depan (6).jpg;4
20k depan (60).jpg;4
20k depan (61).jpg;4
20k depan (62).jpg;4
20k depan (63).jpg;4
20k depan (64).jpg;4
20k depan (65).jpg;4
20k depan (66).jpg;4
20k depan (67).jpg;4
20k depan (68).jpg;4
20k depan (69).jpg;4
20k depan (7).jpg;4
20k depan (70).jpg;4
20k depan (71).jpg;4
20k depan (72).jpg;4
20k depan (73).jpg;4
20k depan (74).jpg;4
20k depan (75).jpg;4
20k depan (76).jpg;4
20k depan (77).jpg;4
20k depan (78).jpg;4
20k depan (79).jpg;4
20k depan (8).jpg;4
20k depan (80).jpg;4
20k depan (81).jpg;4
20k depan (82).jpg;4
20k depan (83).jpg;4
20k depan (84).jpg;4
20k depan (85).jpg;4
20k depan (86).jpg;4
20k depan (87).jpg;4
20k depan (88).jpg;4
20k depan (89).jpg;4
20k depan (9).jpg;4
20k depan (90).jpg;4
20k depan (91).jpg;4
20k depan (92).jpg;4
20k depan (93).jpg;4
20k depan (94).jpg;4
20k depan (95).jpg;4
20k depan (96).jpg;4
20k depan (97).jpg;4
20k depan (98).jpg;4
20k depan (99).jpg;4
50k belakang (1).jpg;5
50k belakang (10).jpg;5
50k belakang (100).jpg;5
50k belakang (11).jpg;5
50k belakang (12).jpg;5
50k belakang (13).jpg;5
50k belakang (14).jpg;5
50k belakang (15).jpg;5
50k belakang (16).jpg;5
50k belakang (17).jpg;5
50k belakang (18).jpg;5
50k belakang (19).jpg;5
50k belakang (2).jpg;5
50k belakang (20).jpg;5
50k belakang (21).jpg;5
50k belakang (22).jpg;5
50k belakang (23).jpg;5
50k belakang (24).jpg;5
50k belakang (25).jpg;5
50k belakang (26).jpg;5
50k belakang (27).jpg;5
50k belakang (28).jpg;5
50k belakang (29).jpg;5
50k belakang (3).jpg;5
50k belakang (30).jpg;5
50k belakang (31).jpg;5
50k belakang (32).jpg;5
50k belakang (33).jpg;5
50k belakang (34).jpg;5
50k belakang (35).jpg;5
50k belakang (36).jpg;5
50k belakang (37).jpg;5
50k belakang (38).jpg;5
50k belakang (39).jpg;5
50k belakang (4).jpg;5
50k belakang (40).jpg;5
50k belakang (41).jpg;5
50k belakang (42).jpg;5
50k belakang (43).jpg;5
50k belakang (44).jpg;5
50k belakang (45).jpg;5
50k belakang (46).jpg;5
50k belakang (47).jpg;5
50k belakang (48).jpg;5
50k belakang (49).jpg;5
50k belakang (5).jpg;5
50k belakang (50).jpg;5
50k belakang (51).jpg;5
50k belakang (52).jpg;5
50k belakang (53).jpg;5
50k belakang (54).jpg;5
50k belakang (55).jpg;5
50k belakang (56).jpg;5
50k belakang (57).jpg;5
50k belakang (58).jpg;5
50k belakang (59).jpg;5
50k belakang (6).jpg;5
50k belakang (60).jpg;5
50k belakang (61).jpg;5
50k belakang (62).jpg;5
50k belakang (63).jpg;5
50k belakang (64).jpg;5
50k belakang (65).jpg;5
50k belakang (66).jpg;5
50k belakang (67).jpg;5
50k belakang (68).jpg;5
50k belakang (69).jpg;5
50k belakang (7).jpg;5
50k belakang (70).jpg;5
50k belakang (71).jpg;5
50k belakang (72).jpg;5
50k belakang (73).jpg;5
50k belakang (74).jpg;5
50k belakang (75).jpg;5
50k belakang (76).jpg;5
50k belakang (77).jpg;5
50k belakang (78).jpg;5
50k belakang (79).jpg;5
50k belakang (8).jpg;5
50k belakang (80).jpg;5
50k belakang (81).jpg;5
50k belakang (82).jpg;5
50k belakang (83).jpg;5
50k belakang (84).jpg;5
50k belakang (85).jpg;5
50k belakang (86).jpg;5
50k belakang (87).jpg;5
50k belakang (88).jpg;5
50k belakang (89).jpg;5
50k belakang (9).jpg;5
50k belakang (90).jpg;5
50k belakang (91).jpg;5
50k belakang (92).jpg;5
50k belakang (93).jpg;5
50k belakang (94).jpg;5
50k belakang (95).jpg;5
50k belakang (96).jpg;5
50k belakang (97).jpg;5
50k belakang (98).jpg;5
50k belakang (99).jpg;5
50k depan (1).jpg;5
50k depan (10).jpg;5
50k depan (100).jpg;5
50k depan (11).jpg;5
50k depan (12).jpg;5
50k depan (13).jpg;5
50k depan (14).jpg;5
50k depan (15).jpg;5
50k depan (16).jpg;5
50k depan (17).jpg;5
50k depan (18).jpg;5
50k depan (19).jpg;5
50k depan (2).jpg;5
50k depan (20).jpg;5
50k depan (21).jpg;5
50k depan (22).jpg;5
50k depan (23).jpg;5
50k depan (24).jpg;5
50k depan (25).jpg;5
50k depan (26).jpg;5
50k depan (27).jpg;5
50k depan (28).jpg;5
50k depan (29).jpg;5
50k depan (3).jpg;5
50k depan (30).jpg;5
50k depan (31).jpg;5
50k depan (32).jpg;5
50k depan (33).jpg;5
50k depan (34).jpg;5
50k depan (35).jpg;5
50k depan (36).jpg;5
50k depan (37).jpg;5
50k depan (38).jpg;5
50k depan (39).jpg;5
50k depan (4).jpg;5
50k depan (40).jpg;5
50k depan (41).jpg;5
50k depan (42).jpg;5
50k depan (43).jpg;5
50k depan (44).jpg;5
50k depan (45).jpg;5
50k depan (46).jpg;5
50k depan (47).jpg;5
50k depan (48).jpg;5
50k depan (49).jpg;5
50k depan (5).jpg;5
50k depan (50).jpg;5
50k depan (51).jpg;5
50k depan (52).jpg;5
50k depan (53).jpg;5
50k depan (54).jpg;5
50k depan (55).jpg;5
50k depan (56).jpg;5
50k depan (57).jpg;5
50k depan (58).jpg;5
50k depan (59).jpg;5
50k depan (6).jpg;5
50k depan (60).jpg;5
50k depan (61).jpg;5
50k depan (62).jpg;5
50k depan (63).jpg;5
50k depan (64).jpg;5
50k depan (65).jpg;5
50k depan (66).jpg;5
50k depan (67).jpg;5
50k depan (68).jpg;5
50k depan (69).jpg;5
50k depan (7).jpg;5
50k depan (70).jpg;5
50k depan (71).jpg;5
50k depan (72).jpg;5
50k depan (73).jpg;5
50k depan (74).jpg;5
50k depan (75).jpg;5
50k depan (76).jpg;5
50k depan (77).jpg;5
50k depan (78).jpg;5
50k depan (79).jpg;5
50k depan (8).jpg;5
50k depan (80).jpg;5
50k depan (81).jpg;5
50k depan (82).jpg;5
50k depan (83).jpg;5
50k depan (84).jpg;5
50k depan (85).jpg;5
50k depan (86).jpg;5
50k depan (87).jpg;5
50k depan (88).jpg;5
50k depan (89).jpg;5
50k depan (9).jpg;5
50k depan (90).jpg;5
50k depan (91).jpg;5
50k depan (92).jpg;5
50k depan (93).jpg;5
50k depan (94).jpg;5
50k depan (95).jpg;5
50k depan (96).jpg;5
50k depan (97).jpg;5
50k depan (98).jpg;5
50k depan (99).jpg;5
100k belakang (1).jpg;6
100k belakang (10).jpg;6
100k belakang (100).jpg;6
100k belakang (11).jpg;6
100k belakang (12).jpg;6
100k belakang (13).jpg;6
100k belakang (14).jpg;6
100k belakang (15).jpg;6
100k belakang (16).jpg;6
100k belakang (17).jpg;6
100k belakang (18).jpg;6
100k belakang (19).jpg;6
100k belakang (2).jpg;6
100k belakang (20).jpg;6
100k belakang (21).jpg;6
100k belakang (22).jpg;6
100k belakang (23).jpg;6
100k belakang (24).jpg;6
100k belakang (25).jpg;6
100k belakang (26).jpg;6
100k belakang (27).jpg;6
100k belakang (28).jpg;6
100k belakang (29).jpg;6
100k belakang (3).jpg;6
100k belakang (30).jpg;6
100k belakang (31).jpg;6
100k belakang (32).jpg;6
100k belakang (33).jpg;6
100k belakang (34).jpg;6
100k belakang (35).jpg;6
100k belakang (36).jpg;6
100k belakang (37).jpg;6
100k belakang (38).jpg;6
100k belakang (39).jpg;6
100k belakang (4).jpg;6
100k belakang (40).jpg;6
100k belakang (41).jpg;6
100k belakang (42).jpg;6
100k belakang (43).jpg;6
100k belakang (44).jpg;6
100k belakang (45).jpg;6
100k belakang (46).jpg;6
100k belakang (47).jpg;6
100k belakang (48).jpg;6
100k belakang (49).jpg;6
100k belakang (5).jpg;6
100k belakang (50).jpg;6
100k belakang (51).jpg;6
100k belakang (52).jpg;6
100k belakang (53).jpg;6
100k belakang (54).jpg;6
100k belakang (55).jpg;6
100k belakang (56).jpg;6
100k belakang (57).jpg;6
100k belakang (58).jpg;6
100k belakang (59).jpg;6
100k belakang (6).jpg;6
100k belakang (60).jpg;6
100k belakang (61).jpg;6
100k belakang (62).jpg;6
100k belakang (63).jpg;6
100k belakang (64).jpg;6
100k belakang (65).jpg;6
100k belakang (66).jpg;6
100k belakang (67).jpg;6
100k belakang (68).jpg;6
100k belakang (69).jpg;6
100k belakang (7).jpg;6
100k belakang (70).jpg;6
100k belakang (71).jpg;6
100k belakang (72).jpg;6
100k belakang (73).jpg;6
100k belakang (74).jpg;6
100k belakang (75).jpg;6
100k belakang (76).jpg;6
100k belakang (77).jpg;6
100k belakang (78).jpg;6
100k belakang (79).jpg;6
100k belakang (8).jpg;6
100k belakang (80).jpg;6
100k belakang (81).jpg;6
100k belakang (82).jpg;6
100k belakang (83).jpg;6
100k belakang (84).jpg;6
100k belakang (85).jpg;6
100k belakang (86).jpg;6
100k belakang (87).jpg;6
100k belakang (88).jpg;6
100k belakang (89).jpg;6
100k belakang (9).jpg;6
100k belakang (90).jpg;6
100k belakang (91).jpg;6
100k belakang (92).jpg;6
100k belakang (93).jpg;6
100k belakang (94).jpg;6
100k belakang (95).jpg;6
100k belakang (96).jpg;6
100k belakang (97).jpg;6
100k belakang (98).jpg;6
100k belakang (99).jpg;6
100k depan (1).jpg;6
100k depan (10).jpg;6
100k depan (100).jpg;6
100k depan (11).jpg;6
100k depan (12).jpg;6
100k depan (13).jpg;6
100k depan (14).jpg;6
100k depan (15).jpg;6
100k depan (16).jpg;6
100k depan (17).jpg;6
100k depan (18).jpg;6
100k depan (19).jpg;6
100k depan (2).jpg;6
100k depan (20).jpg;6
100k depan (21).jpg;6
100k depan (22).jpg;6
100k depan (23).jpg;6
100k depan (24).jpg;6
100k depan (25).jpg;6
100k depan (26).jpg;6
100k depan (27).jpg;6
100k depan (28).jpg;6
100k depan (29).jpg;6
100k depan (3).jpg;6
100k depan (30).jpg;6
100k depan (31).jpg;6
100k depan (32).jpg;6
100k depan (33).jpg;6
100k depan (34).jpg;6
100k depan (35).jpg;6
100k depan (36).jpg;6
100k depan (37).jpg;6
100k depan (38).jpg;6
100k depan (39).jpg;6
100k depan (4).jpg;6
100k depan (40).jpg;6
100k depan (41).jpg;6
100k depan (42).jpg;6
100k depan (43).jpg;6
100k depan (44).jpg;6
100k depan (45).jpg;6
100k depan (46).jpg;6
100k depan (47).jpg;6
100k depan (48).jpg;6
100k depan (49).jpg;6
100k depan (5).jpg;6
100k depan (50).jpg;6
100k depan (51).jpg;6
100k depan (52).jpg;6
100k depan (53).jpg;6
100k depan (54).jpg;6
100k depan (55).jpg;6
100k depan (56).jpg;6
100k depan (57).jpg;6
100k depan (58).jpg;6
100k depan (59).jpg;6
100k depan (6).jpg;6
100k depan (60).jpg;6
100k depan (61).jpg;6
100k depan (62).jpg;6
100k depan (63).jpg;6
100k depan (64).jpg;6
100k depan (65).jpg;6
100k depan (66).jpg;6
100k depan (67).jpg;6
100k depan (68).jpg;6
100k depan (69).jpg;6
100k depan (7).jpg;6
100k depan (70).jpg;6
100k depan (71).jpg;6
100k depan (72).jpg;6
100k depan (73).jpg;6
100k depan (74).jpg;6
100k depan (75).jpg;6
100k depan (76).jpg;6
100k depan (77).jpg;6
100k depan (78).jpg;6
100k depan (79).jpg;6
100k depan (8).jpg;6
100k depan (80).jpg;6
100k depan (81).jpg;6
100k depan (82).jpg;6
100k depan (83).jpg;6
100k depan (84).jpg;6
100k depan (85).jpg;6
100k depan (86).jpg;6
100k depan (87).jpg;6
100k depan (88).jpg;6
100k depan (89).jpg;6
100k depan (9).jpg;6
100k depan (90).jpg;6
100k depan (91).jpg;6
100k depan (92).jpg;6
100k depan (93).jpg;6
100k depan (94).jpg;6
100k depan (95).jpg;6
100k depan (96).jpg;6
100k depan (97).jpg;6
100k depan (98).jpg;6
100k depan (99).jpg;6
